title,description,url
Trump’s crypto website crashed after its token went on sale,"A co-founder of World Liberty Financial, Trump’s decentralized finance platform, claimed more than 100,000 accredited investors signed up for the whitelist, but most haven’t bought the token.",https://www.theverge.com/2024/10/15/24271242/world-liberty-financial-token-sale-website-crash-trump
Treasury must compensate Scotland for tax hike - Robison,The Scottish finance secretary has warned a rise in National Insurance could cost the government £500m.,https://www.bbc.com/news/articles/cwyx7zdx8lwo
Trumpcoin Launches With a Whimper,Investors scooped up only a small number of the Trump family's new World Liberty Financial crypto tokens after website reliability issues interfered with a launch event.,https://www.wired.com/story/trumpcoin-launches-with-a-whimper-not-a-bang/
UK borrowing for September third highest on record,Borrowing - the difference between spending and tax revenue - came in lower than expected on Tuesday.,https://www.bbc.com/news/articles/c981857nl79o
Harris says Irish general election to be called on Friday,"Simon Harris, the leader of Fine Gael, told Irish broadcaster RTÉ News that the likely polling day will be Friday 29 November.",https://www.bbc.com/news/articles/clyvl3q76p1o
Is AI the Answer to Your Money Problems? Here's What It Can (and Can't) Do,Some clever budgeters are using chatbots to make better spending decisions. This is what personal finance experts have to say about that.,https://www.cnet.com/tech/services-and-software/features/is-ai-the-answer-to-your-money-problems-heres-what-it-can-and-cant-do/
"Making Friends With Cleo, the AI Budgeting App video","CNET Personal Finance Editor, Kelly Ernst, tested out AI budgeting app Cleo to see if it could help her cut back on overspending.",https://www.cnet.com/videos/making-friends-with-cleo-the-ai-budgeting-app/
"Why quant giant D.E. Shaw seeks out academics, doctors, and veterans to work at the $60 billion hedge fund",The firm is known for recruiting talent from outside of finance to work at the long-running asset manager.,https://www.businessinsider.com/why-d-e-shaw-hires-non-finance-talent-academics-doctors-2024-11
FBI Created a Crypto Token to Bait Pump-and-Dump Scammers,The fraudsters allegedly used multiple trading bots for the wash trades.,https://gizmodo.com/fbi-created-a-crypto-token-to-bait-pump-and-dump-scammers-2000510208
"I broke into venture capital at 22 and became a partner by 28. I learned one easy, surefire way to move up the ranks.",A partner at a venture capital firm shares how she broke into the industry at a young age without a career in finance.,https://www.businessinsider.com/how-to-get-job-venture-capital-no-finance-career-2024-10
Russia confirms it's going to make it more painful for companies to quit the country,Russia's finance minister on Thursday confirmed reports that Moscow will raise exit taxes and other costs for foreign companies wanting to leave.,https://www.businessinsider.com/russia-raising-exit-tax-companies-ukraine-war-2024-10
Who Wall Street thinks will win the election,"A survey of professional investors on the platform SumZero, along with other big finance names are expecting a win for former president Donald Trump.",https://www.businessinsider.com/wall-street-election-predictions-professional-investor-survey-2024-11
Germany's governing coalition is headed for collapse after Scholz fires finance chief,"German Chancellor Olaf Scholz has fired Finance Minister Christian Lindner, paving the way for a confidence vote by parliament in January that is expected to lead to early elections next March.",https://www.npr.org/2024/11/06/nx-s1-5181991/germany-government-coalition-collapse
German coalition on brink of collapse after Scholz fires key minister,The chancellor said he would call a vote of confidence in his government early next year.,https://www.bbc.com/news/articles/c7v3r046pzzo
"As Trump Takes a Victory Lap, the Crypto Faithful Kiss the Ring",The crypto industry is celebrating the return of Donald Trump to the White House in anticipation of an easier ride under his regime.,https://www.wired.com/story/trump-crypto-support/
Exclusive: Maven Clinic is swapping out its finance chiefs as the women's health unicorn looks ahead to an IPO,"Kristina Campbell, Maven's former chief financial officer, has left the women's health startup on the heels of its $125 million Series F fundraise.",https://www.businessinsider.com/mavens-cfo-out-as-womens-health-startup-gets-fresh-funding-2024-10
"US housing affordability, November's market seasonality: Wealth","In today's installment of Wealth, Brad Smith tackles the biggest personal finance topics ahead of Tuesday's presidential election. The show welcomes Haywood ...",https://finance.yahoo.com/video/us-housing-affordability-novembers-market-204022164.html
The car finance scandal will be the death of dealerships like mine – we’re stuffed,,https://consent.yahoo.com/v2/collectConsent?sessionId=1_cc-session_4dece48e-7704-4c31-bb95-bb068e56034f
Chancellor gives go ahead to NI growth deals,"Funding for the Causeway Coast and Mid South West deals was ""paused"" during a pre-budget spending review.",https://www.bbc.com/news/articles/cm2zvp5xmedo
"Budget deals struck with all departments, says Reeves","Despite reports of internal rifts all government departments have agreed spending settlements, Reeves says.",https://www.bbc.com/news/articles/cwy9yd318reo
Labour budget sets the scene for 2026 Holyrood election,The devolved Scottish government will have had an extra £3.4bn to spend - including more money than SNP ministers anticipated for public building projects.,https://www.bbc.com/news/articles/cgj723jvzz9o
Perth primary schools closed as strikes target first minister,"Unison members, which includes janitors and classroom assistants, have walked out over council pay.",https://www.bbc.com/news/articles/c4g4n09qm51o
China to increase debt issuance in bid to revive economy,China slipped into deflation in 2023 as a result of weak domestic demand and a struggling property market.,https://www.businessinsider.com/china-to-increase-debt-issuance-in-bid-to-revive-economy-2024-10
A former investment banker who changed careers has 3 tips if you're considering switching industries,Angie Chen spent one year in her investment banking job before pivoting to become a campaign marketer. Here's how she did it.,https://www.businessinsider.com/former-investment-banker-career-pivot-marketing-advice-2024-10
Strikes set to close Perth and Kinross schools for two weeks,The Unison action is due to begin on 21 October and will affect 50 schools and early years centres.,https://www.bbc.com/news/articles/cm29x1kjd1lo
Investigation over alleged 'irregularities' at NI council,"After a preliminary investigation a full formal investigation is required, councillors hear.",https://www.bbc.com/news/articles/c5y3x0e48dro
Hollywood stars grow Wrexham empire with brewery,The football club's star co-owners grow their Wrexham by buying half of the Wrexham Lager brewery.,https://www.bbc.com/news/articles/c629qgppjv5o
Five things to watch out for in the Budget for Wales,What could Rachel Reeves' first Budget mean for Wales? Here are five things to watch.,https://www.bbc.com/news/articles/cp35z6e4y14o
"This Man Found 1,650 Ways to Turn a Profit While Decarbonizing",Bertrand Piccard says sustainability doesn’t have to come at a cost—and that reframing attempts to hit net zero as a way of generating profit could be key to hitting targets.,https://www.wired.com/story/this-man-found-1650-ways-to-turn-a-profit-while-decarbonizing/
A Trauma of Money-certified coach shares the book that changed her money mindset and helped her tackle credit card debt,"Morgan Housel's ""The Psychology of Money"" could change your mindset about money, too.",https://www.businessinsider.com/money-coach-shares-top-book-recommendation-the-psychology-of-money-2024-11
"Redbox Is Dead, Now’s Your Chance to Try and Nab One of the Machines",Some people are taking the iconic red kiosks home as collector's items. But be warned: the energy costs are steep.,https://gizmodo.com/redbox-is-dead-nows-your-chance-to-try-and-nab-one-of-the-machines-2000510628
Trump's Coin Sale Misses Early Targets As Crypto Project's Website Crashes,"Donald Trump's new crypto project, World Liberty Financial, had a rocky start today with frequent website outages during its token sale. According to CNBC, only about 4% of registered investors have bought tokens, and the project sold less than 3% of the 20 b…",https://slashdot.org/story/24/10/15/2316216/trumps-coin-sale-misses-early-targets-as-crypto-projects-website-crashes
I landed a job with a 'magic circle' law firm but still went all out to get an internship at a US bank. It was the best use of my last summer in college — here's why.,"Adrian Teh, 24, turned down a job offer from a top UK law firm. He accepted a return offer from a US bank he interned at this summer.",https://www.businessinsider.com/interned-at-us-bank-despite-having-offer-top-law-firm-2024-10
Personal Finance App Design: UI/UX Insights from “Money Manage”,"Personal Finance App Design: UI/UX Insights from “Money Manage”
 


 abduzeedo1027—24

 Discover how “Money Manage” app design simplifies personal finance with a clean UI and seamless UX for effortless financial control.

For today’s user, finance apps are e…",https://abduzeedo.com/node/88650
"More than 100 customers contact BBC about scams, saying Revolut failed them",People say they have been poorly treated by the firm after being tricked out of cash while using app.,https://www.bbc.com/news/articles/c9wkzv1zk91o
"Up to $41B in World Bank climate finance unaccounted for, Oxfam finds",Comments,https://www.oxfam.org/en/press-releases/41-billion-world-bank-climate-finance-unaccounted-oxfam-finds
Oxfam says close to $41B in World Bank climate finance unaccounted for,"As published on: africa.cgtn.com, Friday 18 October, 2024.
Oxfam reported in a new publication on Wednesday that nearly 41 billion U.S. dollars in World Ban...",https://www.ifcreview.com/news/2024/october/green-finance-oxfam-says-close-to-41-billion-in-world-bank-climate-finance-unaccounted-for/
"Qualcomm, Google team up on AI for cars — here's what it could mean","Qualcomm says its Snapdragon Digital Chassis, its chipset and associated technologies, will be the basis of a ""digital cockpit"" using Google's generative AI.",https://finance.yahoo.com/news/qualcomm-google-team-up-on-ai-for-cars--heres-what-it-could-mean-132351523.html
Chinese Scientists Report Using Quantum Computer To Hack Military-grade Encryption,"schwit1 writes: Chinese scientists have mounted what they say is the world's first effective attack on a widely used encryption method using a quantum computer. The breakthrough poses a ""real and substantial threat"" to the long-standing password-protection me…",https://it.slashdot.org/story/24/10/14/1743258/chinese-scientists-report-using-quantum-computer-to-hack-military-grade-encryption
I take quiet vacations as often as I can. My employers have no idea where I am thanks to VPN tricks and my meticulous calendar.,Benjamin Fields is a Ph.D. student and a high school math teacher in Oklahoma. He takes multiple international trips per year without telling anyone.,https://www.businessinsider.com/quiet-vacation-jobs-teacher-employers-have-no-idea-2024-11
"Simran Bhogal, the catfisher behind Netflix's 'Sweet Bobby,' has managed to completely scrub herself from the internet","Netflix's ""Sweet Bobby"" follows an eight-year catfishing story. Here's what we know about the catfisher, Simran Bhogal.",https://www.businessinsider.com/where-is-simran-bhogal-now-sweet-bobby
"Apple to unveil AI features, overhaul Macs amid earnings week",Apple (AAPL) — a member of the Magnificent Seven group of tech stocks — will report earnings this. The iPhone maker is launching its Apple Intelligence...,https://finance.yahoo.com/video/apple-unveil-ai-features-overhaul-140417705.html
China could raise nearly $1 trillion of fresh debt in the next 3 years to revive its economy,"Beijing could raise 6 trillion yuan, or $850 billion, by selling treasury bonds over the next three years, sources told Caixin Global.",https://www.businessinsider.com/china-economy-beijing-stimulus-1-trillion-debt-package-fiscal-deficit-2024-10
Russia's oil revenue plummeted 29% in October amid volatile global crude prices,"One of Russia's largest revenue sources took a hit in October, with oil revenue falling nearly 30% on an annual basis.",https://markets.businessinsider.com/news/commodities/russia-economy-oil-gas-ukraine-war-budget-moscow-crude-prices-2024-11
European Investment Bank crafts new funding plan to keep startups in the EU,"The European Investment Bank (EIB) is considering new measures to help close the funding gap for European startups and prevent them from relocating across the Atlantic. During a meeting with EU finance ministers yesterday in Luxembourg, the EIB proposed its “…",https://thenextweb.com/news/european-investment-bank-funding-plan-keep-startups-eu
"Hong Kong Unveils AI Policy for Finance, Floats Tax Breaks for Crypto",,https://consent.yahoo.com/v2/collectConsent?sessionId=1_cc-session_150b63ee-3a33-4d5c-bf25-c654d9c9f7a2
"I always dreamed of moving to New York City, so I took 3 steps to prepare myself — and my money","Jennifer Streaks, a journalist, fulfilled her dream of moving to New York. Here are the steps she took to prepare for this major milestone.",https://www.businessinsider.com/moving-to-new-york-dream-lessons-2024-10
T-Mobile and AT&T Are Fighting Requirement to Unlock Smartphones,We're still having this conversation?,https://gizmodo.com/t-mobile-and-att-are-fighting-requirement-to-unlock-smartphones-2000515091
Elon Musk Is Trying to Be the MrBeast of Politics,The billionaire is giving away $1 million a day to registered voters. The lottery is the next evolution of politics as entertainment in America.,https://gizmodo.com/elon-musk-is-trying-to-be-the-mrbeast-of-politics-2000514361
"Google’s AI Fails At 43% Of Finance Queries, Study Finds via @sejournal, @MattGSouthern","A study finds Google's AI overviews provide misleading or inaccurate information in 43% of finance-related searches.
The post Google’s AI Fails At 43% Of Finance Queries, Study Finds appeared first on Search Engine Journal.",https://www.searchenginejournal.com/googles-ai-fails-at-43-of-finance-queries-study-finds/530542/
Hunt for Bitcoin's elusive creator Satoshi Nakamoto hits another dead-end,Why are still no closer to unmasking the mysterious Satoshi Nakamoto?,https://www.bbc.com/news/articles/c079zp2vy31o
The 'light sabre' wielding photographer creating colourful light paintings,"For 15 years, David Gilliver has been a pioneer in the technique of painting with light.",https://www.bbc.com/news/articles/cyv7prndj0qo
COP29: Clashes over cash are set to dominate the climate conference,"The focus is on finance at the UN climate summit in Baku, Azerbaijan, this month, but countries are a long way from any kind of consensus",https://www.newscientist.com/article/2454514-cop29-clashes-over-cash-are-set-to-dominate-the-climate-conference/
テスラ株、四半期決算で死ぬほど上がってる,Image:Teslaテスラ株のアップダウンは続くよ。先日の決算発表でテスラは四半期利益が前年比17.3%も爆増し、テスラ株は21.92％も上がりまくっています。Image:Yahoo!Finance10月10日に自動運転タクシーの進捗状況について発表があったんですが、名前（Cybercab＝サイバーキャブ）とデザインイメージ、予定価格（3万ドル＝約450万円]）だけの薄っぺらい内容。製造開始は2,https://www.gizmodo.jp/2024/10/tesla-stock-is-up-on-quarterly-results.html
"A Fourth FTX Executive Sentenced: Forfeits $11 Billion, But No Prison Time","Former FTX executive Nishad Singh was ordered to forfeit $11 billion, reports CNBC — and is subject to three years of supervised release, making him ""the fourth ex-employee of the collapsed crypto exchange to be punished."" 

But while he'd faced a maximum sen…",https://yro.slashdot.org/story/24/11/02/2042237/a-fourth-ftx-executive-sentenced-forfeits-11-billion-but-no-prison-time
Are Americans overpaying for a financial advisor? What to know.,"Over a third of Americans consult a financial advisor, according to a Bankrate study, but could they be spending too much for professional guidance...",https://finance.yahoo.com/video/americans-overpaying-financial-advisor-know-181500979.html
Former FTX exec starts prison sentence with LinkedIn post about a 'new position',"Former FTX executive Ryan Salame prepared to start his 7 ½ prison sentence by posting about his ""new position"" on LinkedIn this week.",https://www.businessinsider.com/former-ftx-exec-ryan-salame-starts-prison-sentence-linkedin-post-2024-10
Extra £1.7bn for Welsh government in UK Budget,The chancellor also announces cash for coal tip safety and green hydrogen projects in Wales,https://www.bbc.com/news/articles/cn0d151zdkzo
Amazon's a company investors can 'put money to work in': Analyst,"Big tech companies, including Amazon (AMZN), Meta Platforms (META), and Alphabet (GOOG, GOOGL), posted solid third earnings this season. Despite the strong...",https://finance.yahoo.com/video/amazons-company-investors-put-money-225700217.html
UK shifts from 'big brother' approach to showing Africa more respect,David Lammy is on his first visit to the continent since he became foreign secretary.,https://www.bbc.com/news/articles/cvglnmpgq7eo
Guess which American president was the best with money?,Hint: Being money-wise doesn’t always mean history reveres you,https://www.marketwatch.com/story/guess-which-american-president-was-the-best-with-money-ce791c4a
Q-CTRL raises $59M for quantum computing software,Q-CTRL has raised $113 million for its latest funding round for building quantum computing infrastructure software.,https://venturebeat.com/ai/q-ctrl-raises-59m-for-quantum-computing-software/
Financial institutions told to get their house in order before the next CrowdStrike strikes,"Calls for improvements will soon turn into demands when new rules come into force
The UK's finance regulator is urging all institutions under its remit to better prepare for IT meltdowns like that of CrowdStrike in July.…",https://www.theregister.com/2024/11/02/fca_it_resilience/
Markets are due for a 10% correction: Strategist,"As the third quarter earnings season begins, investors are contemplating whether the current market is heading for or already experiencing a ""melt-up...",https://finance.yahoo.com/video/markets-due-10-correction-strategist-150729833.html
'Irish database of stillbirths means our son will not be forgotten',An Irish mother whose eldest boy was stillborn hails the importance of a new public record of loss.,https://www.bbc.com/news/articles/c4gqlwvygdno
You Have 2 Weeks to Claim Your Share of Cash App's $15 Million Legal Settlement. Here's How,"If you've used Cash App in the past six years, you might be able to claim up to $2,500.",https://www.cnet.com/personal-finance/you-have-2-weeks-to-claim-your-share-of-cash-apps-15-million-legal-settlement-heres-how/
China is trying to give investors the one major thing missing from its economic stimulus blitz,China announced a Saturday press conference that will unveil new fiscal policy support.,https://markets.businessinsider.com/news/stocks/china-economy-fiscal-stimulus-recovery-stock-market-rally-csi-300-2024-10
Meet the billionaires battling it out in the 2024 World Series,"The Dodgers and Yankees are two of the most valuable franchises in the MLB — and prove that sports teams can be valuable investments,",https://www.businessinsider.com/billionaire-owners-world-series-yankees-dodgers-baseball-mark-walter-steinbrenner-2024-10
"Micro-trends are taking over social media, and keeping up can be really expensive","A new aesthetic or core circulates on social-media feeds every couple of weeks, pressuring consumers to buy the latest trendy items.",https://www.businessinsider.com/social-media-micro-trends-cause-financial-problems-fashion-mental-health-2024-10
"Robinhood's cofounder has joined the rapidly growing commercial space race, and wants to beam solar power from satellites to earth",A report from McKinsey earlier in 2024 estimated that the global space economy will be worth $1.8 trillion by 2035.,https://www.businessinsider.com/baiju-bhatt-robinhood-cofounder-aetherflux-space-startup-satellite-constellation-energy-2024-10
"An accounting manager struggled with work-life balance at PwC, Walmart, and Google. Leaving the Bay Area is what finally changed the tide.",Mike Manalac says it took him 11 years to find work-life balance. He has no regrets but would do one thing differently.,https://www.businessinsider.com/google-manager-left-bay-area-work-life-balance-advice-2024-10
"Starbucks and Luckin are in a fight for the global coffee market. I visited both to see how they stack up on price, menu, and vibe.","Starbucks slumped in sales this last quarter. But the Chinese coffee brand, characterized by heavy discounts, reported a strong third quarter.",https://www.businessinsider.com/heres-how-starbucks-and-luckin-stack-up-price-menu-vibe-2024-11
US Consumer Watchdog Cautions Businesses on Surveillance of Workers,The top U.S. consumer finance watchdog warned businesses about potential legal problems they could face from using new technology such as artificial intelligence or algorithmic scores to snoop on and evaluate their employees. From a report: The Consumer Finan…,https://yro.slashdot.org/story/24/10/25/1749218/us-consumer-watchdog-cautions-businesses-on-surveillance-of-workers
New Research Claims Polymarket Is Full of ‘Wash Trading’,Researchers claim a small coterie of users may be manipulating the site's results.,https://gizmodo.com/new-research-claims-polymarket-is-full-of-wash-trading-2000518668
Reddit is dominated by millennials. I have some theories on why.,Reddit rules with millennials. Maybe they're just are at a point in their lives where they get obsessed with r/HomeImprovement.,https://www.businessinsider.com/reddit-millennial-social-media-most-popular-youtube-gen-z-why-2024-10
"A product manager shares the résumé that helped him transition from consulting and land a $180,000 role at Cisco","A Deloitte consultant spent eight months preparing to leave for Big Tech, including interview prep and tailoring his résumé.",https://www.businessinsider.com/product-manager-shares-resume-cisco-consulting-pivot-big-tech-interview-2024-10
Amazon said its shoppers keep choosing cheap items – and that's good for business,"Cost-conscious consumers are turning to Amazon's Prime deals and events, the company's chiefs said.",https://www.businessinsider.com/amazon-q3-earnings-shoppers-cheaper-items-high-frequency-good-business-2024-11
I'm 65 and I refuse to retire. I work multiple jobs and have at least 15 years of work left in me.,"A 65-year-old wants to work at least another 15 years, claiming the benefits include keeping busy and setting an example to younger people.",https://www.businessinsider.com/sixties-boomer-continue-to-work-until-eighties-2024-10
BlackRock's Larry Fink says the US election 'really doesn't matter' for markets,"The CEO leads the world's largest asset manager, which has come under scrutiny from Republicans.",https://www.businessinsider.com/larry-fink-us-election-no-impact-markets-long-term-2024-10
CEO of Nigeria's Air Peace charged in US with obstructing investigation into $20 million fraud probe,US prosecutors say Allen Onyema submitted false documents to the government to try to curtail a fraud investigation.,https://www.businessinsider.com/air-peace-ceo-faces-fresh-indictment-for-obstruction-of-justice-2024-10
"Jane Street, the trading firm where SBF started his career, offers interns a salary equivalent to as much as $250,000 a year","Jane Street is one of Wall Street's most lucrative trading firms, and it is luring in top talent with six-figure salaries even for its interns.",https://www.businessinsider.com/how-much-does-jane-street-pay-interns-salary-trading-firm-2024-10
"Podcast #1,031: Money CAN Buy Happiness (If You Use It In These Ways)","Money can’t buy happiness. It sounds good as a bumper sticker platitude. But the truth is, money can buy happiness. At least sometimes. In certain circumstances. If we view it and use it in the right ways. Here to unpack the conditions under which money can b…",https://www.artofmanliness.com/career-wealth/wealth/podcast-1031-money-can-buy-happiness-if-you-use-it-in-these-ways/
EMB FRI 00:01: UK business owners fast track exit plans amid fears of capital gains tax raid,"Nearly a third of business owners have accelerated their business exits over the past 12 months, according to new research.",https://uk.finance.yahoo.com/news/capital-gains-tax-budget-business-owners-exit-plans-050043194.html
US laments 'disappointing' Swiss decision not to fully adopt latest EU sanctions against Russia,The United States is expressing disappointment over a decision by the Swiss government not to adopt all measures in the latest round of European Union...,https://www.yahoo.com/news/us-laments-disappointing-swiss-decision-164528955.html
Chennai Petroleum in Talks to Raise $3.3 Billion for Refinery,(Bloomberg) -- Chennai Petroleum Corporation Ltd. is in talks with banks to raise a 280 billion rupee ($3.3 billion) loan to help build a major oil refinery ...,https://finance.yahoo.com/news/chennai-petroleum-talks-raise-3-054937351.html
The future of crypto regulation comes down to one unpopular man,"As part of his overtures to the crypto industry, Donald Trump has promised to fire embattled SEC chair Gary Gensler on ‘day one.’",https://www.theverge.com/24280387/gary-gensler-sec-chair-presidential-election-2024
Understanding privacy risk with k-anonymity and l-diversity,Learn how to protect privacy in datasets using k-anonymity and l-diversity.,https://marcusolsson.dev/k-anonymity-and-l-diversity/
Israel attacks branches of Hezbollah-linked finance group in Lebanon,Bombardment in southern and eastern Lebanon comes as the Health Ministry reports at least six people were killed.,https://www.aljazeera.com/news/2024/10/21/israel-attacks-branches-of-hezbollah-linked-finance-group-in-lebanon
"Tech comeback, China, US dollar and rates: Market Takeaways",The tech sector (XLK) saw gains of 2.5% in this trading week as the tech-heavy Nasdaq Composite (^IXIC) and S&P 500 (^GSPC) indexes both rose by over 1.1...,https://finance.yahoo.com/video/tech-comeback-china-us-dollar-213728588.html
Israel bombs Hezbollah-linked finance group in Lebanon,Al-Qard al-Hassan offers microcredit in a country where traditional banking system collapsed five years ago.,https://www.aljazeera.com/gallery/2024/10/21/israel-bombs-hezbollah-linked-finance-group-in-lebanon
Google Search widget customization will soon offer the full color spectrum,Alongside saturation controls,https://www.androidpolice.com/google-search-widget-with-custom-colors-spotted-in-beta/
My Student Loan Mistakes and an Awful Scam Cost Me Thousands. How I Dug Myself Out,I still was able to pay off my balance in eight years. Here's what I did.,https://www.cnet.com/personal-finance/loans/my-student-loan-mistakes-and-one-awful-scam-cost-me-thousands-how-i-dug-myself-out/
CNET Holiday Survey Finds 72% of Shoppers Are Making Tradeoffs to Afford Gifts and Travel,Most people are cutting back on the number of gifts and people they're buying for this holiday season.,https://www.cnet.com/personal-finance/cnet-holiday-survey-finds-72-percent-of-shoppers-are-making-tradeoffs-to-afford-gifts-and-travel/
Elon Musk Accused Of Stealing Blade Runner 2049 Imagery To Sell Teslas In New Lawsuit,"Last week, Elon Musk revealed his Robotaxis at a Tesla Cybercab event on a Hollywood movie lot filled with theatrical flourishes aimed at evoking a neon-fueled sci-fi future. A new lawsuit filed on Monday now accuses the tech billionaire of using AI to genera…",https://kotaku.com/elon-musk-blade-runner-2049-lawsuit-tesla-cybercab-ai-1851677713
Top 3 Financials Stocks That May Jump This Quarter,"The most oversold stocks in the financials sector present an opportunity to buy into undervalued companies. The RSI is a momentum indicator, which compares a...",https://finance.yahoo.com/news/top-3-financials-stocks-may-180016821.html/
"Microsoft’s new AI agents set to shake up enterprise software, sparking new battle with Salesforce","Microsoft launches autonomous AI agents for Dynamics 365, challenging Salesforce's Agentforce in the race to dominate enterprise AI and reshape the future of work.",https://venturebeat.com/ai/microsofts-new-ai-agents-set-to-shake-up-enterprise-software-sparking-new-battle-with-salesforce/
Redacted Group launches crypto fund for Web3 startups and game companies,Web3 data and entertainment startup Redacted has launched a new crypto fund for Web3 startups and gaming companies.,https://venturebeat.com/gaming-business/redacted-group-launches-crypto-fund-for-web3-startups-and-game-companies/
My homeowner nightmare,I finally caved and got solar panels. It turned out to be a huge mistake.,https://www.businessinsider.com/solar-industry-collapse-my-roof-nightmare-2024-10
Ivanka Trump has been absent from the 2024 campaign trail. Here's what she's been up to.,Ivanka Trump stepped back from politics when Donald Trump launched his 2024 campaign and has largely returned to her previous life as a socialite.,https://www.businessinsider.com/ivanka-trump-donald-trump-campaign-photos-2024-10
"Step inside Jackson Hole, Wyoming, where the ultra-rich live and vacation","Jackson Hole, Wyoming, is a luxury haven for the wealthy. Low taxes, remote estates, and mountain landscapes draw billionaires and celebrities.",https://www.businessinsider.com/jackson-hole-wyoming-where-billionaires-live-vacation-2024-10
